comment,blacklist_suggestions,overall_quality,factual_correctness,readability,rating_time,warm_up,user_suggestions,action_coherence,linguistic_difference,content_similarity,identical_information,exhaustive_information,story_edit,story_old,grammar,implicit_fact_check,citation_correct,context_realization,false_gender,false_mood,matches_fandom,positive_comment,positive_example,negative_comment,negative_example,implicit_fc_comment,implicit_fc_example,positive_comment_topic,negative_comment_topic,story_id,listvalue,story_group,length,topk,temperature,likelihood_score,hash,version,amount_fallbacks,duration_generation,dur_score,user,date
-1,-1,60,100,75,15:29,1,-1,100,60,100,100,100,-1,-1,90,100,100,-1,100,100,-1,-1,-1,-1,-1,I,-1,-1,-1,96837,1,,,,,,3ec9e062c20222a1fe62de2eed1efa17,,1,22.95344066619873,5.439530849456787,53332,2022-07-11 10:26:55
-1,-1,70,100,75,10:59,0,-1,100,60,90,100,100,-1,-1,90,100,100,-1,100,-1,-1,-1,-1,-1,-1,-1,-1,-1,-1,96873,2,,,,,,2d845d72c195c809f4e52734cc9a8b85,,0,28.119949340820312,7.315543413162231,53332,2022-07-11 10:38:07
-1,-1,50,100,75,7:6,0,-1,100,60,90,100,75,-1,-1,90,100,100,-1,100,100,-1,-1,-1,-1,-1,-1,-1,-1,-1,96864,2,,,,,,6e7708940cd9a7a03e332c4ab73a9d6e,,0,11.7315936088562,2.8363571166992188,53332,2022-07-11 10:50:58
-1,-1,60,100,50,10:57,0,-1,100,60,90,100,100,-1,-1,70,100,100,-1,100,-1,-1,-1,-1,-1,-1,-1,-1,-1,-1,96827,1,,,,,,56424b19865411e5f623e80a2354318a,,0,33.13672399520874,10.271867036819458,53332,2022-07-11 11:01:57
-1,-1,70,100,100,7:0,0,-1,100,50,100,100,100,-1,-1,100,100,100,-1,100,100,-1,-1,-1,-1,-1,-1,-1,-1,-1,96849,1,,,,,,6f1726c548f1b93fb3a5566daec56b16,,0,14.032985925674438,3.699632406234741,53332,2022-07-11 11:08:58
-1,-1,80,100,100,17:43,0,-1,100,70,100,100,100,-1,-1,100,100,100,-1,100,100,-1,-1,-1,-1,-1,-1,-1,-1,-1,96858,2,,,,,,9edab9f89822c0a732ce1f8aef8b443c,,0,31.45601487159729,8.351928949356079,53332,2022-07-11 11:26:42
-1,-1,60,100,50,30:4,0,-1,100,60,90,100,100,-1,-1,90,100,100,-1,100,100,-1,-1,-1,-1,-1,-1,-1,-1,-1,96890,2,,,,,,a1945d87fde73fc6c799fe6b1d594b40,,0,36.41954755783081,13.584901094436646,53332,2022-07-11 11:56:48
-1,-1,60,100,75,6:51,0,-1,100,60,100,100,100,-1,-1,80,100,100,-1,100,100,-1,-1,-1,-1,-1,-1,-1,-1,-1,96829,1,,,,,,12537b25341ca99485befcf8cb378312,,0,20.73605847358704,5.702805280685425,53332,2022-07-11 12:27:00
-1,-1,60,100,75,12:15,0,-1,100,70,90,100,75,-1,-1,90,100,100,-1,100,100,-1,-1,-1,-1,-1,-1,-1,-1,-1,96861,2,,,,,,d7b1eaa1abcd06a5dccbe78838dd1bde,,0,14.200198650360107,4.011988162994385,53332,2022-07-11 12:39:35
-1,-1,70,100,75,13:54,1,-1,100,70,70,100,75,-1,-1,90,75,100,-1,100,100,-1,-1,-1,-1,-1,Hier wird aus &quot;auf seine Mutter getroffen&quot; (Input) im Output &quot;von der Mutter getroffen&quot;. Im Input begegnet der Täter also seiner Mutter. Im Output klingt es&comma; als würde seine Mutter etwas auf ihn werfen/schießen und ihn damit treffen. ,Anschließend sei er auf dem Weg zur Haustür von der Mutter getroffen worden&comma; die im Flur gerade den Notruf absetzte,-1,-1,96858,2,,,,,,9edab9f89822c0a732ce1f8aef8b443c,,0,31.45601487159729,8.351928949356079,79689,2022-07-11 12:51:49
-1,-1,60,100,50,9:55,1,-1,100,60,70,100,100,-1,-1,90,75,100,-1,100,100,-1,-1,-1,-1,-1,Durch einem Grammatikfehler wird aus &quot;dem Band&quot; - also etwas&comma; das man sich in diesem Fall um den Hals hängen kann - &quot;der Band&quot;&comma; was in diesem Fall wie eine Musikergruppe klingt. Es scheint im Output also als würde Neuer mit seinem Pokal und einer Musikergruppe feiern&comma; während er im Input mit einem Pokal und einem Band mit einer Plakette um den Hals feiert,Später feierte Neuer mit dem Pokal in der Hand sowie der Band mit einer Plakette um den Hals. ,-1,-1,96839,1,,,,,,50fb94cabfd07c1287c9b12a85094ae7,,0,18.753828287124637,6.184562921524048,79689,2022-07-11 13:01:45
-1,-1,70,100,75,23:37,0,-1,100,60,90,100,100,-1,-1,80,100,100,-1,100,100,-1,-1,-1,-1,-1,-1,-1,-1,-1,96855,1,,,,,,1c04eeaecff0f86cdf0f97e30494fc12,,0,27.57166314125061,10.785487174987791,53332,2022-07-11 13:03:14
-1,-1,30,100,75,3:42,1,-1,100,30,100,100,100,-1,-1,90,100,100,-1,100,100,-1,-1,-1,-1,-1,-1,-1,-1,-1,96847,1,,,,,,1222d95c92fe42fdd3b34cb39eec2007,,0,18.10615587234497,4.435896396636963,79689,2022-07-11 13:05:27
-1,-1,70,100,100,4:42,0,-1,100,60,100,100,100,-1,-1,100,100,100,-1,100,100,-1,-1,-1,-1,-1,-1,-1,-1,-1,96822,1,,,,,,26b738aaaf98abd3615a685023fa4e92,,0,18.645395040512085,5.017008066177368,53332,2022-07-11 13:07:57
-1,-1,50,100,75,4:51,1,-1,100,50,90,100,100,-1,-1,100,100,100,-1,100,100,-1,-1,-1,-1,-1,-1,-1,-1,-1,96883,2,,,,,,00b81702cbdd45532d94ce5febfff46d,,0,17.626961708068848,5.260524272918701,79689,2022-07-11 13:10:19
-1,-1,70,100,100,3:39,0,-1,100,70,100,100,100,-1,-1,90,100,100,-1,100,100,-1,-1,-1,-1,-1,-1,-1,-1,-1,96846,1,,,,,,12769f48a3bae9af3932e729a63fdb93,,0,14.106548309326172,3.22158432006836,79689,2022-07-11 13:13:59
-1,-1,60,100,75,15:51,0,-1,100,60,90,100,100,-1,-1,90,100,100,-1,100,-1,-1,-1,-1,-1,-1,-1,-1,-1,-1,96903,2,,,,,,453ebaef5ea97a48f75cc7aa2aa812a7,,0,26.93070936203003,10.500567197799684,53332,2022-07-11 13:23:50
-1,-1,70,100,100,14:2,0,-1,100,60,100,100,100,-1,-1,100,100,100,-1,100,100,-1,-1,-1,-1,-1,-1,-1,-1,-1,96905,2,,,,,,5de38a6989eb06feaedc0f5fbfbda818,,0,10.71070122718811,1.304701566696167,79689,2022-07-11 13:28:03
-1,-1,70,100,100,9:55,0,-1,100,60,100,100,100,-1,-1,100,100,100,-1,100,100,-1,-1,-1,-1,-1,-1,-1,-1,-1,96830,1,,,,,,2cefd0fd3df78b7af2dc971f70dd430a,,0,8.136627674102783,2.270456075668335,53332,2022-07-11 13:33:49
-1,-1,30,100,75,6:12,0,-1,100,30,100,100,100,-1,-1,90,100,100,-1,100,100,-1,-1,-1,-1,-1,-1,-1,-1,-1,96867,2,,,,,,4da19ae2218284341ce3dc2ad39a7166,,0,26.071133852005005,7.049675941467285,79689,2022-07-11 13:34:16
-1,-1,70,100,100,1:34,0,-1,100,60,100,100,100,-1,-1,100,100,100,-1,100,100,-1,-1,-1,-1,-1,-1,-1,-1,-1,96830,1,,,,,,2cefd0fd3df78b7af2dc971f70dd430a,,0,8.136627674102783,2.270456075668335,79689,2022-07-11 13:35:51
-1,-1,70,100,75,2:55,0,-1,100,70,70,100,75,-1,-1,100,100,100,-1,100,100,-1,-1,-1,-1,-1,-1,-1,-1,-1,96861,2,,,,,,d7b1eaa1abcd06a5dccbe78838dd1bde,,0,14.200198650360107,4.011988162994385,79689,2022-07-11 13:38:48
-1,-1,70,100,75,8:31,0,-1,100,60,100,100,100,-1,-1,80,100,100,-1,100,100,-1,-1,-1,-1,-1,-1,-1,-1,-1,96855,1,,,,,,1c04eeaecff0f86cdf0f97e30494fc12,,0,27.57166314125061,10.785487174987791,79689,2022-07-11 14:46:32
-1,-1,90,100,100,5:24,0,-1,100,80,100,100,100,-1,-1,100,100,100,-1,100,100,-1,-1,-1,-1,-1,-1,-1,-1,-1,96854,1,,,,,,233f54b56c16ece307e5d1720e68753e,,0,14.979421854019163,3.794835090637207,79689,2022-07-11 14:51:57
-1,-1,50,100,100,16:19,0,-1,100,50,80,100,100,-1,-1,80,75,100,-1,100,100,-1,-1,-1,-1,-1,Es klingt durch die abgeänderte Wortwahl im Output&comma; als wären die Parteien Union und SPD der Bundespolizei zugehörig. ,Union und SPD der Bundespolizei erlauben in ihrem Entwurf für die Gesetzesnovelle erstmals die Quellen-Telekommunikationsüberwachung&comma; also die Überwachung verschlüsselter Kommunikation,-1,-1,96876,2,,,,,,ef8943ae9776f05bac23156d1fb41a4b,,0,33.50529932975769,9.41208267211914,79689,2022-07-11 15:08:17
-1,-1,30,100,100,2:45,0,-1,100,30,100,100,100,-1,-1,100,100,100,-1,100,100,-1,-1,-1,-1,-1,-1,-1,-1,-1,96845,1,,,,,,8272efdf8b857a849949aba15114792a,,0,14.032310247421265,2.5487923622131348,79689,2022-07-11 15:11:17
-1,-1,60,100,75,2:8,0,-1,100,60,70,100,100,-1,-1,90,100,100,-1,100,100,-1,-1,-1,-1,-1,-1,-1,-1,-1,96880,2,,,,,,f2264ae64d86cd01e4d77af07d316d93,,0,7.509518623352051,1.9538769721984863,79689,2022-07-11 15:13:54
-1,-1,60,100,75,14:0,1,-1,75,70,80,100,100,-1,-1,80,50,100,-1,100,100,-1,-1,-1,-1,-1,1. Im Input steht&comma; dass er das Haus nur verlassen &quot;wollte&quot;&comma; es tatsächlich aber nicht getan hat. Das &quot;wollen&quot; fehlt im Output&comma; und daher passt auch der folgende Satz nicht&comma; wonach der Vater ihn am Verlassen gehindert hat.2. Im Input steht&comma; er sei &quot;auf seine Mutter getroffen&quot;&comma; die Variante im Output (&quot;von der Mutter getroffen worden&quot;) impliziert&comma; dass sie auf ihn geschossen hat oder etwas Ähnliches,1. Vielmehr habe er am Abend das Haus verlassen&comma; nachdem ihn die Eltern den ganzen Tag mit Fragen &quot;schikaniert&quot; hätten&comma; erklärte der 32-Jährige.2. Anschließend sei er auf dem Weg zur Haustür von der Mutter getroffen worden&comma; die im Flur gerade den Notruf absetzte,-1,-1,96858,2,,,,,,9edab9f89822c0a732ce1f8aef8b443c,,0,31.45601487159729,8.351928949356079,12802,2022-07-12 06:47:14
-1,-1,70,100,75,4:59,1,-1,100,80,100,100,100,-1,-1,70,100,100,-1,100,100,-1,-1,-1,-1,-1,-1,-1,-1,-1,96833,1,,,,,,c47a1174c8c49345905acd38e45b1175,,0,18.25127220153809,5.43189549446106,12802,2022-07-12 06:52:14
-1,-1,60,100,75,8:17,1,-1,100,60,90,100,75,-1,-1,80,100,100,-1,100,100,-1,-1,-1,-1,-1,-1,-1,-1,-1,96871,2,,,,,,a649451c5a1df9eba20070f71eadd501,,0,30.77267169952393,8.072403192520142,12802,2022-07-12 07:00:34
-1,-1,50,100,75,19:28,1,-1,100,60,80,100,75,-1,-1,70,75,100,-1,100,100,-1,-1,-1,-1,-1,1. Es geht eigentlich darum&comma; dass sie in Österreich leben und in Deutschland arbeiten,1. Gut 11.100 Beschäftigte arbeiteten in Österreich&comma; die in Deutschland sozialversicherungspflichtig arbeiten,-1,-1,96842,1,,,,,,e07c9a078f26646f02a4cdeed3dc6f6a,,0,36.979440689086914,13.935224056243896,12802,2022-07-12 07:20:04
-1,-1,50,100,100,1:56,0,-1,75,60,100,100,100,-1,-1,90,100,100,-1,100,-1,-1,-1,-1,-1,-1,-1,-1,-1,-1,96897,2,,,,,,f3b064241db7f8a16c2722b0aa534b06,,0,13.871901512145996,3.606311321258545,12802,2022-07-12 07:22:01
-1,-1,50,100,100,6:27,0,-1,75,50,100,100,100,-1,-1,80,100,100,-1,100,-1,-1,-1,-1,-1,-1,-1,-1,-1,-1,96856,1,,,,,,0e106b99829d8f8df9fa20d51f4f61c8,,0,18.34634494781494,5.809093236923218,12802,2022-07-12 07:28:30
-1,-1,20,100,100,2:54,0,-1,100,20,100,100,100,-1,-1,100,100,100,-1,100,100,-1,-1,-1,-1,-1,-1,-1,-1,-1,96864,2,,,,,,6e7708940cd9a7a03e332c4ab73a9d6e,,0,11.7315936088562,2.8363571166992188,12802,2022-07-12 07:31:25
-1,-1,60,100,75,14:54,1,-1,100,60,90,100,100,-1,-1,70,100,100,-1,100,100,-1,-1,-1,-1,-1,-1,-1,-1,-1,96877,2,,,,,,124a03d123022e6f48025b8bd8d8af29,,0,32.98041677474976,9.993035554885864,53332,2022-07-12 09:41:31
-1,-1,60,100,75,7:20,1,-1,100,60,100,100,100,-1,-1,100,100,100,-1,100,100,-1,-1,-1,-1,-1,-1,-1,-1,-1,96893,2,,,,,,a59f03c76c7a45a02634cb0d2d8b52ad,,0,13.923423290252686,2.4873592853546143,53332,2022-07-12 09:48:53
-1,-1,80,100,100,14:34,1,-1,100,60,100,100,100,-1,-1,100,100,-1,-1,100,100,-1,-1,-1,-1,-1,-1,-1,-1,-1,96817,1,,,,,,01f45ef1194adddf821957fef206b604,,0,26.294557571411133,7.363957643508911,53332,2022-07-12 10:03:32
-1,-1,50,100,75,11:16,1,-1,100,60,90,100,100,-1,-1,80,75,100,-1,100,-1,-1,-1,-1,-1,-1,-1,47 Jahre alter =/= ... älterer,-1,-1,96869,2,,,,,,24385f116fcb8e1e37bcc292337f8a2e,,0,18.038158655166622,6.031929969787598,53332,2022-07-12 10:14:49
-1,-1,60,100,50,10:49,0,-1,100,60,100,100,100,-1,-1,60,100,100,-1,100,100,-1,-1,-1,-1,-1,-1,-1,-1,-1,96834,1,,,,,,e5eff369b14aa4bc81bc405ddeba1eb9,,0,23.058088541030884,9.020877361297607,53332,2022-07-12 10:25:45
-1,-1,70,100,100,27:43,0,-1,100,60,100,100,100,-1,-1,100,75,100,-1,100,100,-1,-1,-1,-1,-1,-1,Kleiner Fehler&comma; aber: debattieren =/= diskutieren,-1,-1,96847,1,,,,,,1222d95c92fe42fdd3b34cb39eec2007,,0,18.10615587234497,4.435896396636963,53332,2022-07-12 10:53:29
-1,-1,60,100,75,12:4,0,-1,100,50,100,100,100,-1,-1,70,100,100,-1,100,100,-1,-1,-1,-1,-1,-1,-1,-1,-1,96888,2,,,,,,1bcb424fe73002c3316a8cb76e7f3a64,,0,19.07991862297058,4.921849489212036,53332,2022-07-12 11:05:52
-1,-1,50,100,75,3:43,0,-1,100,50,100,100,100,-1,-1,90,100,100,-1,100,100,-1,-1,-1,-1,-1,-1,-1,-1,-1,96880,2,,,,,,f2264ae64d86cd01e4d77af07d316d93,,0,7.509518623352051,1.9538769721984863,53332,2022-07-12 11:09:36
-1,-1,70,100,100,15:20,0,-1,100,70,90,100,100,-1,-1,90,75,100,-1,100,100,-1,-1,-1,-1,-1,-1,Haus verlassen =/= Haus verlassen wollen,-1,-1,96808,1,,,,,,3669cb3a26a3c2ca5c89415bd2e10ebc,,0,32.0451934337616,8.582142114639282,53332,2022-07-12 11:25:01
-1,-1,50,75,75,16:21,0,-1,100,70,80,75,100,-1,-1,60,75,100,-1,100,100,-1,-1,-1,-1,-1,Output klingt&comma; als hätte die Untersuchung bereits Aufschluss gegeben,&quot;Ob in der Fabrik mit zugelassenen Sprengstoffen und Materialien gearbeitet worden sei&comma; solle nun eine Untersuchung ergeben haben.&quot;,-1,-1,96838,1,,,,,,796b0192d8f149e681f11003ce7d8f02,,0,26.265212774276733,9.018213510513306,53332,2022-07-12 11:41:29
-1,-1,70,100,100,6:59,1,-1,100,70,80,100,100,-1,-1,100,75,100,-1,100,100,-1,-1,-1,-1,-1,Es klingt&comma; als existierten die Einrichtungen nicht mehr&comma; während im Input auf die Existenz der Einrichtungen hingewiesen wird,In Nürnberg hätten mehrere Einrichtungen&comma; darunter eine städtische&comma; existiert&comma; in denen geschützte Mutter-Kind-Räume bereitstünden&comma; wies die Stadt dazu auf,-1,-1,96859,2,,,,,,bfdac21263d50c10b9fe470e9fa5f94e,,0,24.979405879974365,8.592546224594116,79689,2022-07-12 12:02:01
-1,-1,60,100,50,2:45,1,-1,100,60,80,100,100,-1,-1,90,100,100,-1,100,100,-1,-1,-1,-1,-1,-1,-1,-1,-1,96833,1,,,,,,c47a1174c8c49345905acd38e45b1175,,0,18.25127220153809,5.43189549446106,79689,2022-07-12 12:05:08
-1,-1,20,100,100,2:25,1,-1,100,20,70,75,100,-1,-1,100,100,100,-1,100,100,-1,-1,-1,-1,-1,-1,-1,-1,-1,96851,1,,,,,,e026ec8522ee72f21965c03215e028c7,,0,13.01665425300598,4.376064777374268,79689,2022-07-12 12:07:34
-1,-1,60,100,100,1:44,1,-1,100,50,100,100,100,-1,-1,100,100,100,-1,100,100,-1,-1,-1,-1,-1,-1,-1,-1,-1,96893,2,,,,,,a59f03c76c7a45a02634cb0d2d8b52ad,,0,13.923423290252686,2.4873592853546143,79689,2022-07-12 12:09:32
-1,-1,20,100,100,1:54,0,-1,100,20,100,100,100,-1,-1,100,100,100,-1,100,100,-1,-1,-1,-1,-1,-1,-1,-1,-1,96814,1,,,,,,5f0fdc0cf321e779fd1440fd8eebcb55,,0,11.341375589370728,3.118447542190552,79689,2022-07-12 12:11:27
-1,-1,60,100,100,2:52,0,-1,100,60,70,100,75,-1,-1,70,100,100,-1,100,100,-1,-1,-1,-1,-1,-1,-1,-1,-1,96872,2,,,,,,3e49e47eebfd5ba73456310ebbcd7feb,,0,18.904881954193115,5.124969720840454,79689,2022-07-12 12:14:41
-1,-1,70,100,100,9:52,1,-1,100,60,100,100,100,-1,-1,100,100,100,-1,100,100,-1,-1,-1,-1,-1,-1,-1,-1,-1,96899,2,,,,,,115fc1b79697482b3c6fd66c40dbef95,,0,13.45931100845337,4.468333959579468,53332,2022-07-12 13:06:20
-1,-1,30,100,100,4:49,0,-1,100,-1,30,100,100,-1,-1,90,100,100,-1,100,100,-1,-1,-1,-1,-1,-1,-1,-1,-1,96901,2,,,,,,d1c9a7901106d8f0915fabc4a1e951be,,0,18.452333450317383,6.05945086479187,79689,2022-07-12 13:08:36
-1,-1,50,100,75,2:23,1,-1,100,60,90,100,75,-1,-1,90,100,100,-1,100,-1,-1,-1,-1,-1,-1,-1,-1,-1,-1,96859,2,,,,,,bfdac21263d50c10b9fe470e9fa5f94e,,0,24.979405879974365,8.592546224594116,53332,2022-07-12 13:08:53
-1,-1,50,100,75,6:26,0,-1,100,40,100,100,100,-1,-1,70,100,100,-1,100,100,-1,-1,-1,-1,-1,-1,-1,-1,-1,96827,1,,,,,,56424b19865411e5f623e80a2354318a,,0,33.13672399520874,10.271867036819458,79689,2022-07-12 13:15:15
-1,-1,70,100,100,8:52,1,-1,100,60,100,100,100,-1,-1,100,100,100,-1,100,100,-1,-1,-1,-1,-1,-1,-1,-1,-1,96811,1,,,,,,74d3fa6f65213cc57e2c3cf992c15c93,,0,14.000635862350464,3.851920366287232,53332,2022-07-12 13:17:46
-1,-1,60,100,75,2:37,0,-1,100,50,100,100,100,-1,-1,70,100,100,-1,100,100,-1,-1,-1,-1,-1,-1,-1,-1,-1,96856,1,,,,,,0e106b99829d8f8df9fa20d51f4f61c8,,0,18.34634494781494,5.809093236923218,79689,2022-07-12 13:17:53
-1,-1,20,100,100,9:56,0,-1,100,10,100,100,100,-1,-1,100,100,100,-1,100,100,-1,-1,-1,-1,-1,-1,-1,-1,-1,96899,2,,,,,,115fc1b79697482b3c6fd66c40dbef95,,0,13.45931100845337,4.468333959579468,79689,2022-07-12 13:27:50
-1,-1,70,75,100,14:59,1,-1,100,60,90,100,100,-1,-1,100,100,100,-1,100,100,-1,-1,-1,-1,-1,-1,-1,-1,-1,96895,2,,,,,,016a6a5e9c0657fb2d36002f435e9bd1,,0,18.08259749412537,4.297065734863281,53332,2022-07-12 13:32:47
-1,-1,10,100,100,4:56,0,-1,100,10,80,100,100,-1,-1,90,100,100,-1,100,100,-1,-1,-1,-1,-1,-1,-1,-1,-1,96891,2,,,,,,019f76c6b9622e3176a8cda2fbccf967,,1,18.24168276786804,5.397316932678223,79689,2022-07-12 13:32:55
-1,-1,70,100,100,3:47,0,-1,100,70,100,100,100,-1,-1,100,100,100,-1,100,100,-1,-1,-1,-1,-1,-1,-1,-1,-1,96849,1,,,,,,6f1726c548f1b93fb3a5566daec56b16,,0,14.032985925674438,3.699632406234741,79689,2022-07-12 13:36:46
-1,-1,60,100,75,8:26,0,-1,100,70,90,100,100,-1,-1,90,100,100,-1,100,-1,-1,-1,-1,-1,-1,-1,-1,-1,-1,96809,1,,,,,,104c5becaaa029d2aae20e272df37447,,0,25.5883731842041,9.114015102386476,53332,2022-07-12 13:41:14
-1,-1,50,100,100,7:14,0,-1,100,40,100,100,100,-1,-1,90,100,100,-1,100,100,-1,-1,-1,-1,-1,-1,-1,-1,-1,96900,2,,,,,,cce5186b0c5da0ee2cce90bf0c8e598a,,0,22.19110107421875,5.061188459396362,79689,2022-07-12 13:44:01
-1,-1,70,100,100,12:11,0,-1,100,70,90,100,100,-1,-1,90,75,100,-1,100,100,-1,-1,-1,-1,-1,Output klingt&comma; als wären die Betroffenen selbst verantwortlich,&quot;...Umweltschäden in Nigeria durch dortige Betroffene...&quot;,-1,-1,96867,2,,,,,,4da19ae2218284341ce3dc2ad39a7166,,0,26.071133852005005,7.049675941467285,53332,2022-07-12 13:53:27
-1,-1,70,100,75,23:48,1,-1,75,70,90,100,100,-1,-1,90,75,100,-1,100,100,-1,-1,-1,-1,-1,-1,1: falsches Synonym &quot;schwärmte der Oberbürgermeister&quot; statt &quot;schimpfte&quot;,-1,-1,96895,2,,,,,,016a6a5e9c0657fb2d36002f435e9bd1,,0,18.08259749412537,4.297065734863281,50504,2022-07-14 11:24:09
-1,-1,50,100,50,25:2,1,-1,75,60,90,100,100,-1,-1,60,75,100,-1,-1,100,-1,-1,-1,-1,-1,-1,1: &quot;Wegen Umweltschäden in Nigeria durch dortige Betroffene&quot; Klingt durch die Präposition und Satzstellung so&comma; als seien die Umweltschäden von den Betroffenen ausgelöst worden,-1,-1,96817,1,,,,,,01f45ef1194adddf821957fef206b604,,0,26.294557571411133,7.363957643508911,50504,2022-07-14 11:49:13
-1,-1,50,100,50,2:55,1,-1,100,60,80,100,100,-1,-1,60,75,100,-1,100,100,-1,-1,-1,-1,-1,-1,1. &quot;Die Stellen beim künstlerischen Intendanten der Kulturhauptstadt 2025 und dem Geschäftsführer&quot; Klingt so&comma; als seien die Stellen Assistenten der beiden und nciht die stellen selbst wegen der Präposition &quot;bei&quot; statt &quot;für&quot; ,-1,-1,96853,1,,,,,,5219c7306927d7bb13ca3b03ff8412d2,,0,19.079150199890137,6.361278533935547,50504,2022-07-14 11:52:09
-1,-1,40,100,25,6:40,1,-1,75,50,70,100,50,-1,-1,70,100,100,-1,100,100,-1,-1,-1,-1,-1,-1,-1,-1,-1,96898,2,,,,,,a9471feb3ad559b2b1673fc8c8bf42a3,,0,37.53590178489685,13.299694061279297,50504,2022-07-14 11:58:53
-1,-1,10,100,75,10:16,0,-1,100,40,70,100,75,-1,-1,20,100,100,-1,100,100,-1,-1,-1,-1,-1,-1,-1,-1,-1,96840,1,,,,,,e9f05bbb919bb7ca92ff91e0290b6ee2,,0,19.11717963218689,5.057529211044312,50504,2022-07-14 12:09:10
-1,-1,90,100,75,10:45,0,-1,100,70,90,100,100,-1,-1,80,100,100,-1,100,100,-1,-1,-1,-1,-1,-1,-1,-1,-1,96882,2,,,,,,294d48bca4ef63b59e36cf67f23d367a,,0,26.484320878982544,7.397318124771118,50504,2022-07-14 12:20:00
-1,-1,50,100,25,3:58,0,-1,75,60,90,100,100,-1,-1,70,75,100,-1,-1,100,-1,-1,-1,-1,-1,-1,1. Erneut klingt es so&comma; als hätten die Betroffenen die Umweltschäden ausgelöst: &quot;Wegen Umweltschäden in Nigeria durch dortige Betroffene&quot;,-1,-1,96867,2,,,,,,4da19ae2218284341ce3dc2ad39a7166,,0,26.071133852005005,7.049675941467285,50504,2022-07-14 12:24:05
-1,-1,90,100,75,3:16,0,-1,100,70,90,100,100,-1,-1,90,100,100,-1,100,100,-1,-1,-1,-1,-1,-1,-1,-1,-1,96830,1,,,,,,2cefd0fd3df78b7af2dc971f70dd430a,,0,8.136627674102783,2.270456075668335,50504,2022-07-14 12:27:22
-1,-1,80,100,75,1:5,0,-1,100,60,100,100,100,-1,-1,90,100,100,-1,100,100,-1,-1,-1,-1,-1,-1,-1,-1,-1,96845,1,,,,,,8272efdf8b857a849949aba15114792a,,0,14.032310247421265,2.5487923622131348,50504,2022-07-14 12:33:11
-1,-1,60,100,75,3:30,1,-1,100,70,80,100,100,-1,-1,50,75,100,-1,100,100,-1,-1,-1,-1,-1,-1,1) Synonym &quot;eingefahren&quot; statt &quot;gekämpft&quot; klingt ja so&comma; als hätten sie sehr damit gehadert&comma; auch wenn das Sinn ergibt: &quot;mit dem schlechtesten Sprint-Ergebnis ihrer Geschichte gekämpft.&quot;,-1,-1,96865,2,,,,,,a77784beec85a24c2710d01651b8c97d,,0,23.69402027130127,8.393141508102417,50504,2022-07-14 13:44:22
-1,-1,50,100,75,5:23,1,-1,100,60,90,100,100,-1,-1,50,100,100,-1,100,100,-1,-1,-1,-1,-1,-1,-1,-1,-1,96840,1,,,,,,e9f05bbb919bb7ca92ff91e0290b6ee2,,0,19.11717963218689,5.057529211044312,12802,2022-07-16 07:35:49
-1,-1,50,100,75,9:24,1,-1,75,60,80,75,100,-1,-1,50,75,100,-1,100,100,-1,-1,-1,-1,-1,Faktenfehler durch falsche Zeitform,Input: &quot;Eine Untersuchung solle nun Aufschluss darüber bringen&comma; ob in der Fabrik mit zugelassenen Sprengstoffen und Materialien gearbeitet worden sei. &quot;Output: &quot;Ob in der Fabrik mit zugelassenen Sprengstoffen und Materialien gearbeitet worden sei&comma; solle nun eine Untersuchung ergeben haben.&quot;,-1,-1,96838,1,,,,,,796b0192d8f149e681f11003ce7d8f02,,0,26.265212774276733,9.018213510513306,12802,2022-07-16 07:45:36
-1,-1,60,100,100,19:57,1,-1,100,70,90,100,100,-1,-1,80,75,100,-1,100,100,-1,-1,-1,-1,-1,Durch das Fehlen des Wortes &quot;Rückgang&quot; andere Bedeutung,Input: &quot;Trotzdem hielt sich der Rückgang des Betriebsgewinns des Geschäftsbereichs mit einem Minus um zwei Prozent auf 1&comma;5 Milliarden Dollar in Grenzen&quot;Output: &quot;Mit einem Minus von zwei Prozent auf 1&comma;5 Milliarden Dollar hielt sich der Betriebsgewinn in dem Geschäftsbereich aber in Grenzen. &quot;,-1,-1,96875,2,,,,,,0f087c256a5c8763e3fd4a2e51a308a0,,0,43.027960538864136,15.12474012374878,12802,2022-07-16 08:05:35
-1,-1,70,100,100,3:19,1,-1,100,80,100,100,100,-1,-1,90,100,90,-1,100,100,-1,-1,-1,-1,-1,-1,-1,-1,-1,96846,1,,,,,,12769f48a3bae9af3932e729a63fdb93,,0,14.106548309326172,3.22158432006836,12802,2022-07-16 08:12:23
-1,-1,60,100,75,6:59,0,-1,100,60,90,100,100,-1,-1,60,100,70,-1,100,-1,-1,-1,-1,-1,-1,-1,-1,-1,-1,96892,2,,,,,,afa3ae73c84c1729cfe97172dffbbda3,,0,21.647348165512085,4.516844272613525,12802,2022-07-16 08:19:24
-1,-1,70,100,100,9:42,0,-1,100,70,90,100,100,-1,-1,80,75,100,-1,100,100,-1,-1,-1,-1,-1,&quot;oder&quot; statt &quot;und&quot;,Für die Umweltschäden macht der Konzern kriminelle Machenschaften oder Saboteure verantwortlich,-1,-1,96817,1,,,,,,01f45ef1194adddf821957fef206b604,,0,26.294557571411133,7.363957643508911,12802,2022-07-16 08:29:07
-1,-1,70,100,75,35:0,1,-1,100,70,90,100,100,-1,-1,80,75,100,-1,100,100,-1,-1,-1,-1,-1,Durch eine Satzumstellung hat sich das Subjekt geändert,Input: Jeder Athen-Tourist kennt sie: die gewaltigen&comma; 17 Meter hohen Säulen des Tempels des Olympischen Zeus (Olympieion) im Herzen der griechischen Hauptstadt.Output:Die gewaltigen und 17 Meter hohen Säulen des Tempels des Olympischen Zeus (Olympieion) im Herzen der griechischen Hauptstadt kennen jeden Athen-Touristen. ,-1,-1,96827,1,,,,,,56424b19865411e5f623e80a2354318a,,0,33.13672399520874,10.271867036819458,70828,2022-07-16 09:41:24
-1,-1,70,100,100,17:56,1,-1,100,70,90,100,100,-1,-1,90,75,100,-1,100,100,-1,-1,-1,-1,-1,Ein einzelnes Wort wurde mit einer falschen Bedeutung ersetzt,Input: schimpfte der Oberbürgermeister.Output: schwärmte der Oberbürgermeister,-1,-1,96895,2,,,,,,016a6a5e9c0657fb2d36002f435e9bd1,,0,18.08259749412537,4.297065734863281,70828,2022-07-16 09:59:21
-1,-1,80,100,75,7:15,1,-1,100,80,100,100,100,-1,-1,70,100,100,-1,100,100,-1,-1,-1,-1,-1,-1,-1,-1,-1,96881,2,,,,,,6183cb3236bf941570fba9ff8c5d69a8,,0,34.31402564048767,8.187400102615356,70828,2022-07-16 10:06:37
-1,-1,80,100,100,3:3,1,-1,100,70,100,100,100,-1,-1,100,100,100,-1,100,100,-1,-1,-1,-1,-1,-1,-1,-1,-1,96811,1,,,,,,74d3fa6f65213cc57e2c3cf992c15c93,,0,14.000635862350464,3.851920366287232,70828,2022-07-16 10:09:41
-1,-1,80,100,100,19:54,0,-1,100,80,100,100,100,-1,-1,100,100,100,-1,100,100,-1,-1,-1,-1,-1,-1,-1,-1,-1,96825,1,,,,,,3babc0dcb81637dcb94e77d23cc851c1,,0,42.93206429481506,15.456439018249512,70828,2022-07-16 10:29:36
-1,-1,80,100,100,19:12,0,-1,100,70,100,100,100,-1,-1,100,100,100,-1,100,100,-1,-1,-1,-1,-1,-1,-1,-1,-1,96884,2,,,,,,69782b24b36bb6c942b3aceeba8b1df5,,0,22.913615703582764,8.771364212036133,70828,2022-07-16 10:48:49
-1,-1,70,100,75,11:51,0,-1,100,70,90,100,100,-1,-1,90,75,100,-1,100,100,-1,-1,-1,-1,-1,Ein Wort wurde nicht mit einem eindeutigen Synonym ersetzt,Input: Die deutschen Biathleten haben bei der WM in Slowenien ein historisches Debakel erlebt und das schlechteste Sprint-Ergebnis ihrer Geschichte eingefahren. Output: Bei der WM in Slowenien haben die deutschen Biathletinnen ein historisches Debakel erlebt und mit dem schlechtesten Sprint-Ergebnis ihrer Geschichte gekämpft,-1,-1,96865,2,,,,,,a77784beec85a24c2710d01651b8c97d,,0,23.69402027130127,8.393141508102417,70828,2022-07-16 11:00:41
-1,-1,70,100,100,5:10,0,-1,100,70,100,100,100,-1,-1,70,100,100,-1,100,100,-1,-1,-1,-1,-1,-1,-1,-1,-1,96852,1,,,,,,a2ece91866ca7762dde2d3cd3d97bc0c,,0,21.49366927146912,4.964548826217651,70828,2022-07-16 11:05:51
-1,-1,70,100,75,4:32,0,-1,100,60,90,100,100,-1,-1,100,75,100,-1,100,100,-1,-1,-1,-1,-1,Ein Satz verweist auf nachstehenden Text&comma; obwohl es im Input auf vorherigen Text verweist,Input: Bundesgesundheitsminister Jens Spahn (CDU) rechnet damit&comma; dass die Corona-Impfkampagne das erste Ziel erreicht und bis Mitte Februar allen Pflegeheimbewohnern ein Impfangebot gemacht wird. Output:  Er sagte am Freitag in Berlin: Spahn sagte&comma; insgesamt seien in Deutschland mittlerweile – rund sechs Wochen nach dem Impfstart – drei Prozent der Menschen geimpft&comma; davon 1&comma;5 Prozent auch mit der nötigen Zweitimpfung.Das sagte er am Freitag in Berlin. Insgesamt seien mittlerweile – rund sechs Wochen nach dem Impfstart – drei Prozent der Menschen in Deutschland geimpft&comma; davon 1&comma;5 Prozent auch mit der nötigen Zweitimpfung&comma; sagte Spahn. Output: ,-1,-1,96897,2,,,,,,f3b064241db7f8a16c2722b0aa534b06,,0,13.871901512145996,3.606311321258545,70828,2022-07-16 11:10:38
-1,-1,100,100,75,7:54,0,-1,75,80,90,100,100,-1,-1,100,75,100,-1,100,100,-1,-1,-1,-1,-1,Zwei Verben vertauscht,Input: Daraufhin forderten Polizisten einen Lkw-Fahrer auf&comma; seinen Sattelzug quer über die Spuren zu stellen und sicherten dies mit einem Streifenwagen und Blaulicht ab. Output: Mit einem Streifenwagen und Blaulicht sicherten Polizisten daraufhin den Lkw-Fahrer auf&comma; seinen Sattelzug quer über die Spuren zu stellen und forderten ihn auf,-1,-1,96843,1,,,,,,5a8ad936d6c39b53ed1a4cd0f7969477,,0,18.15640664100647,5.288480281829834,70828,2022-07-16 12:02:27
-1,-1,70,100,75,20:10,0,-1,75,70,80,100,100,-1,-1,90,75,90,-1,100,100,-1,-1,-1,-1,-1,Ein Satz verweist auf den nachstehenden Text&comma; obwihl er im Input auf den vorherigen verweist,Input: Bundesgesundheitsminister Jens Spahn (CDU) rechnet damit&comma; dass die Corona-Impfkampagne das erste Ziel erreicht und bis Mitte Februar allen Pflegeheimbewohnern ein Impfangebot gemacht wird. Das sagte er am Freitag in Berlin. Insgesamt seien mittlerweile – rund sechs Wochen nach dem Impfstart – drei Prozent der Menschen in Deutschland geimpft&comma; davon 1&comma;5 Prozent auch mit der nötigen Zweitimpfung&comma; sagte Spahn. Output:Bundesgesundheitsminister Jens Spahn (CDU) rechnet damit&comma; dass die Corona-Impfkampagne ein erstes Ziel erreicht und bis Mitte Februar allen Pflegeheimbewohnern ein Impfangebot gemacht werden kann. Er sagte am Freitag in Berlin: Spahn sagte&comma; insgesamt seien in Deutschland mittlerweile – rund sechs Wochen nach dem Impfstart – drei Prozent der Menschen geimpft&comma; davon 1&comma;5 Prozent auch mit der nötigen Zweitimpfung. ,-1,-1,96896,2,,,,,,98c793478cff2813fa8438b3fe962aaa,,0,42.48862171173096,13.354856014251707,70828,2022-07-16 12:22:38
-1,-1,70,100,75,22:14,0,-1,75,70,90,100,100,-1,-1,90,75,100,-1,100,100,-1,-1,-1,-1,-1,Durch Verwenden eines anderen Begriffs wurde der Sinn genommen,Input:Die Aufbau- und Resilienzfazilität ist das Herzstück des Wiederaufbauplans der Europäischen Union. Output:Der Wiederaufbauplan der Europäischen Union ist ein Kernstück der Aufbau- und Europäischen Union. ,-1,-1,96850,1,,,,,,70ac8e7b69b03e094515c0d21a7160ff,,0,38.288604736328125,13.950064420700071,70828,2022-07-16 12:44:53
-1,-1,80,100,75,4:28,0,-1,100,70,100,100,100,-1,-1,100,100,100,-1,100,100,-1,-1,-1,-1,-1,-1,-1,-1,-1,96859,2,,,,,,bfdac21263d50c10b9fe470e9fa5f94e,,0,24.979405879974365,8.592546224594116,70828,2022-07-16 12:49:22
-1,-1,60,100,75,8:22,0,-1,75,70,100,100,100,-1,-1,80,100,100,-1,100,-1,-1,-1,-1,-1,-1,-1,-1,-1,-1,96819,1,,,,,,6fa2f1cf1db7d260a20f5d514219922d,,0,18.204023599624637,6.189103603363037,70828,2022-07-16 12:57:45
-1,-1,90,100,100,2:22,0,-1,100,80,100,100,100,-1,-1,100,100,100,-1,100,100,-1,-1,-1,-1,-1,-1,-1,-1,-1,96830,1,,,,,,2cefd0fd3df78b7af2dc971f70dd430a,,0,8.136627674102783,2.270456075668335,70828,2022-07-16 13:00:08
-1,-1,70,100,75,17:14,1,-1,100,70,100,100,100,-1,-1,80,100,100,-1,100,100,-1,-1,-1,-1,-1,-1,-1,-1,-1,96874,2,,,,,,9033d17496ffe37e6eeda0162156e907,,0,61.81213068962097,21.789830684661865,70828,2022-07-16 14:37:02
-1,-1,70,100,75,5:34,1,-1,100,70,100,100,100,-1,-1,90,100,100,-1,100,100,-1,-1,-1,-1,-1,-1,-1,-1,-1,96847,1,,,,,,1222d95c92fe42fdd3b34cb39eec2007,,0,18.10615587234497,4.435896396636963,70828,2022-07-16 14:42:43
-1,-1,70,100,100,7:25,1,-1,100,70,90,100,100,-1,-1,100,75,100,-1,100,100,-1,-1,-1,-1,-1,Durch leichte Veränderung des Satzes hat sich der Sinn verändert,Input: Auf dem Weg zur Haustür sei er dann auf seine Mutter getroffen&comma; die im Flur gerade den Notruf absetzte. Output:Anschließend sei er auf dem Weg zur Haustür von der Mutter getroffen worden&comma; die im Flur gerade den Notruf absetzte,-1,-1,96858,2,,,,,,9edab9f89822c0a732ce1f8aef8b443c,,0,31.45601487159729,8.351928949356079,70828,2022-07-16 14:50:09
-1,-1,80,100,100,13:16,1,-1,100,70,100,100,100,-1,-1,90,100,100,-1,100,100,-1,-1,-1,-1,-1,-1,-1,-1,-1,96813,1,,,,,,77cb0123f334facbf045b29db057dccc,,0,32.0428900718689,7.952507734298706,70828,2022-07-16 15:03:26
-1,-1,70,100,50,30:4,1,-1,100,70,90,100,100,-1,-1,90,100,100,-1,100,100,-1,-1,-1,-1,-1,-1,-1,-1,-1,96839,1,,,,,,50fb94cabfd07c1287c9b12a85094ae7,,0,18.753828287124637,6.184562921524048,50504,2022-07-16 15:48:22
-1,-1,60,100,50,17:58,1,-1,100,70,90,100,100,-1,-1,90,100,100,-1,100,100,-1,-1,-1,-1,-1,-1,-1,-1,-1,96904,2,,,,,,951edd151e1c25bcdf50aa14acf82eaa,,0,17.93203902244568,5.3831188678741455,50504,2022-07-16 16:06:25
-1,-1,70,100,75,1:9,1,-1,100,80,90,100,75,-1,-1,80,100,100,-1,100,100,-1,-1,-1,-1,-1,-1,-1,-1,-1,96822,1,,,,,,26b738aaaf98abd3615a685023fa4e92,,0,18.645395040512085,5.017008066177368,50504,2022-07-16 16:07:35
-1,-1,70,100,75,11:36,1,-1,100,70,80,100,100,-1,-1,100,75,100,-1,100,-1,-1,-1,-1,-1,-1,Ein ersetztes Wort hat den Sinn verändert,Input: Während der Corona-Krise hat die Gewalt in Brasilien wieder zugenommen.Output: In Brasilien hat die Gewalt während der Corona-Krise weiter zugenommen,-1,-1,96903,2,,,,,,453ebaef5ea97a48f75cc7aa2aa812a7,,0,26.93070936203003,10.500567197799684,70828,2022-07-16 21:53:14
-1,-1,80,100,100,7:28,1,-1,100,80,100,100,100,-1,-1,100,100,100,-1,100,100,-1,-1,-1,-1,-1,-1,-1,-1,-1,96902,2,,,,,,c6928ba56ac35231e180ccec157409a4,,0,14.5714852809906,3.707555770874024,70828,2022-07-16 22:00:43
-1,-1,70,100,50,19:0,1,-1,75,80,100,100,100,-1,-1,60,100,100,-1,100,100,-1,-1,-1,-1,-1,-1,-1,-1,-1,96816,1,,,,,,0db63793b8df9fd22d8a9b4f57df4735,,0,45.26738929748535,13.151769161224363,70828,2022-07-16 22:19:45
-1,-1,80,100,100,9:20,1,-1,100,70,100,100,100,-1,-1,90,100,100,-1,100,100,-1,-1,-1,-1,-1,-1,-1,-1,-1,96863,2,,,,,,6520a7b582c8d860b0ba377ebcbfc929,,0,31.82977414131165,7.670071840286255,70828,2022-07-16 22:29:05
-1,-1,70,100,75,4:57,0,-1,75,80,100,100,100,-1,-1,100,100,100,-1,100,100,-1,-1,-1,-1,-1,-1,-1,-1,-1,96839,1,,,,,,50fb94cabfd07c1287c9b12a85094ae7,,0,18.753828287124637,6.184562921524048,70828,2022-07-16 22:34:04
-1,-1,80,100,75,3:58,0,-1,100,70,100,100,100,-1,-1,90,100,100,-1,100,100,-1,-1,-1,-1,-1,-1,-1,-1,-1,96833,1,,,,,,c47a1174c8c49345905acd38e45b1175,,0,18.25127220153809,5.43189549446106,70828,2022-07-16 22:38:07
-1,-1,80,100,100,3:3,0,-1,100,80,100,100,100,-1,-1,100,100,100,-1,100,100,-1,-1,-1,-1,-1,-1,-1,-1,-1,96885,2,,,,,,3ec9e062c20222a1fe62de2eed1efa17,,1,22.76153254508972,5.282996892929077,70828,2022-07-16 22:41:10
-1,-1,60,100,75,4:3,1,-1,100,70,90,100,100,-1,-1,90,100,100,-1,100,100,-1,-1,-1,-1,-1,-1,-1,-1,-1,96859,2,,,,,,bfdac21263d50c10b9fe470e9fa5f94e,,0,24.979405879974365,8.592546224594116,12802,2022-07-17 08:05:23
-1,-1,60,100,100,3:6,1,-1,100,60,100,100,100,-1,-1,80,100,100,-1,100,100,-1,-1,-1,-1,-1,-1,-1,-1,-1,96847,1,,,,,,1222d95c92fe42fdd3b34cb39eec2007,,0,18.10615587234497,4.435896396636963,12802,2022-07-17 08:08:32
-1,-1,70,100,75,4:16,1,-1,100,80,90,100,100,-1,-1,90,100,90,-1,100,-1,-1,-1,-1,-1,-1,-1,-1,-1,-1,96872,2,,,,,,3e49e47eebfd5ba73456310ebbcd7feb,,0,18.904881954193115,5.124969720840454,12802,2022-07-17 08:12:50
-1,-1,60,100,100,13:14,1,-1,100,60,100,100,100,-1,-1,90,100,100,-1,100,100,-1,-1,-1,-1,-1,-1,-1,-1,-1,96853,1,,,,,,5219c7306927d7bb13ca3b03ff8412d2,,0,19.079150199890137,6.361278533935547,12802,2022-07-17 08:26:05
-1,-1,70,100,100,10:45,0,-1,100,80,100,100,100,-1,-1,90,100,100,-1,100,100,-1,-1,-1,-1,-1,-1,-1,-1,-1,96906,2,,,,,,783f09bd50305ad09fb70de042ccad65,,0,12.978485345840454,3.5681583881378174,12802,2022-07-17 08:36:52
-1,-1,50,100,100,12:52,0,-1,75,60,90,100,100,-1,-1,90,75,100,-1,100,100,-1,-1,-1,-1,-1,er ist &quot;auf seine Mutter getroffen&quot; und wurde nicht &quot;von ihr getroffen&quot;,Anschließend sei er auf dem Weg zur Haustür von der Mutter getroffen worden&comma; die im Flur gerade den Notruf absetzte. ,-1,-1,96808,1,,,,,,3669cb3a26a3c2ca5c89415bd2e10ebc,,0,32.0451934337616,8.582142114639282,12802,2022-07-17 08:49:45
-1,-1,60,100,75,1:18,0,-1,100,60,100,100,100,-1,-1,90,100,100,-1,100,100,-1,-1,-1,-1,-1,-1,-1,-1,-1,96880,2,,,,,,f2264ae64d86cd01e4d77af07d316d93,,0,7.509518623352051,1.9538769721984863,12802,2022-07-17 08:51:12
-1,-1,70,100,75,8:28,1,-1,75,60,80,100,100,-1,-1,90,75,100,-1,100,100,-1,-1,-1,-1,-1,Die Satzstellung eines Satzes hebt den Sinn auf,Input:Daraufhin forderten Polizisten einen Lkw-Fahrer auf&comma; seinen Sattelzug quer über die Spuren zu stellen und sicherten dies mit einem Streifenwagen und Blaulicht ab. Output:Mit einem Streifenwagen und Blaulicht sicherten Polizisten daraufhin den Lkw-Fahrer auf&comma; seinen Sattelzug quer über die Spuren zu stellen und forderten ihn auf,-1,-1,96891,2,,,,,,019f76c6b9622e3176a8cda2fbccf967,,1,18.24168276786804,5.397316932678223,70828,2022-07-17 08:56:04
-1,-1,20,100,100,8:8,0,-1,100,30,100,100,100,-1,-1,100,100,100,-1,100,100,-1,-1,-1,-1,-1,-1,-1,-1,-1,96818,1,,,,,,dfe0a919b3d05f9498074a174b9cf069,,0,17.201858043670654,5.126175880432129,12802,2022-07-17 08:59:54
-1,-1,60,100,75,15:44,1,-1,100,70,80,100,100,-1,-1,70,75,100,-1,100,-1,-1,-1,-1,-1,-1,Die Zeit wurde geändert&comma; was einen Vorgang abgeschlossen klingen lässt&comma; welcher nicht abgeschlossen ist,Input:Eine Untersuchung solle nun Aufschluss darüber bringen&comma; ob in der Fabrik mit zugelassenen Sprengstoffen und Materialien gearbeitet worden sei.Output:Ob in der Fabrik mit zugelassenen Sprengstoffen und Materialien gearbeitet worden sei&comma; solle nun eine Untersuchung ergeben haben,-1,-1,96838,1,,,,,,796b0192d8f149e681f11003ce7d8f02,,0,26.265212774276733,9.018213510513306,70828,2022-07-17 09:11:50
-1,-1,70,100,75,13:54,1,-1,75,70,80,100,100,-1,-1,90,75,100,-1,100,100,-1,-1,-1,-1,-1,Ein Wort falsch ersetzt&comma; sodass der Sinn genommen wurde,Input:Die Aufbau- und Resilienzfazilität ist das Herzstück des Wiederaufbauplans der Europäischen Union. Output:Der Wiederaufbauplan der Europäischen Union ist ein Kernstück der Aufbau- und Europäischen Union. ,-1,-1,96898,2,,,,,,a9471feb3ad559b2b1673fc8c8bf42a3,,0,37.53590178489685,13.299694061279297,70828,2022-07-17 09:25:45
-1,-1,70,100,100,6:38,1,-1,100,60,80,100,100,-1,-1,100,75,100,-1,100,100,-1,-1,-1,-1,-1,Ersetztes Wort verändert den Sinn,Input: Damit gibt es auch im Verfolgungsrennen am Sonntag kaum noch deutsche Medaillenchancen. Output: Im Verfolgungsrennen am Sonntag gibt es damit auch keine deutschen Medaillenchancen,-1,-1,96815,1,,,,,,192a3d6ce80f3492a3ec698b927b8350,,1,24.42311215400696,8.69748854637146,70828,2022-07-17 09:34:55
-1,-1,80,100,100,26:38,0,-1,100,70,100,100,100,-1,-1,90,100,100,-1,100,100,-1,-1,-1,-1,-1,-1,-1,-1,-1,96828,1,,,,,,20fc68afcfce59a2e8cd4d01c6d7225e,,1,42.60556983947754,9.18338680267334,70828,2022-07-17 10:01:34
-1,-1,60,100,75,13:27,0,-1,100,50,80,100,100,-1,-1,90,75,100,-1,100,100,-1,-1,-1,-1,-1,Die Zeitform wurde verändert&comma; sodass etwas in der Vergangenheit liegt&comma; was noch aktuell ist,Input:Die Unterbringung der Bundespolizei sei in diesen Liegenschaften mancherorts inakzeptabel&comma; sagte der SPD-Abgeordnete Dirk Wiese am Freitag im Bundestag bei der ersten Beratung zum neuen Bundespolizeigesetz. Output:Bei einer ersten Beratung über das neue Bundespolizei-Gesetz sagte der SPD-Abgeordnete Dirk Wiese am Freitag im Bundestag&comma; die Unterbringung der Bundespolizei in diesen Liegenschaften sei mancherorts inakzeptabel gewesen,-1,-1,96876,2,,,,,,ef8943ae9776f05bac23156d1fb41a4b,,0,33.50529932975769,9.41208267211914,70828,2022-07-17 10:15:01
-1,-1,80,100,75,23:16,0,-1,100,70,100,100,100,-1,-1,90,100,100,-1,100,100,-1,-1,-1,-1,-1,-1,-1,-1,-1,96889,2,,,,,,2082e7bb8e320aa8c2865a2288a5e504,,0,33.19605898857117,11.586212396621704,70828,2022-07-17 10:38:18
-1,-1,70,100,75,4:41,0,-1,100,70,100,100,100,-1,-1,80,100,100,-1,100,100,-1,-1,-1,-1,-1,-1,-1,-1,-1,96814,1,,,,,,5f0fdc0cf321e779fd1440fd8eebcb55,,0,11.341375589370728,3.118447542190552,70828,2022-07-17 10:43:00
-1,-1,70,100,50,46:36,0,-1,100,70,90,75,100,-1,-1,80,100,100,-1,100,100,-1,-1,-1,-1,-1,-1,-1,-1,-1,96840,1,,,,,,e9f05bbb919bb7ca92ff91e0290b6ee2,,0,19.11717963218689,5.057529211044312,70828,2022-07-17 11:29:37
-1,-1,80,100,100,8:15,0,-1,100,70,100,100,100,-1,-1,100,100,100,-1,100,100,-1,-1,-1,-1,-1,-1,-1,-1,-1,96882,2,,,,,,294d48bca4ef63b59e36cf67f23d367a,,0,26.484320878982544,7.397318124771118,70828,2022-07-17 11:37:53
-1,-1,80,100,100,9:52,0,-1,100,70,100,100,100,-1,-1,90,100,100,-1,100,100,-1,-1,-1,-1,-1,-1,-1,-1,-1,96829,1,,,,,,12537b25341ca99485befcf8cb378312,,0,20.73605847358704,5.702805280685425,70828,2022-07-17 11:47:46
-1,-1,80,100,100,4:33,0,-1,100,80,100,100,100,-1,-1,100,100,100,-1,100,100,-1,-1,-1,-1,-1,-1,-1,-1,-1,96872,2,,,,,,3e49e47eebfd5ba73456310ebbcd7feb,,0,18.904881954193115,5.124969720840454,70828,2022-07-17 11:52:20
-1,-1,70,100,75,15:50,0,-1,100,60,90,100,100,-1,-1,90,75,100,-1,100,100,-1,-1,-1,-1,-1,Ein Wort wurde ausgelassen und damit der Sinn verändert,Input:Trotzdem hielt sich der Rückgang des Betriebsgewinns des Geschäftsbereichs mit einem Minus um zwei Prozent auf 1&comma;5 Milliarden Dollar in Grenzen Output:Mit einem Minus von zwei Prozent auf 1&comma;5 Milliarden Dollar hielt sich der Betriebsgewinn in dem Geschäftsbereich aber in Grenzen. ,-1,-1,96875,2,,,,,,0f087c256a5c8763e3fd4a2e51a308a0,,0,43.027960538864136,15.12474012374878,70828,2022-07-17 12:08:11
-1,-1,70,100,75,14:38,0,-1,100,80,90,100,100,-1,-1,90,75,100,-1,100,100,-1,-1,-1,-1,-1,Ein Wort wurde ersetzt&comma; welches den Sinn verändert hat,Input: Während der Corona-Krise hat die Gewalt in Brasilien wieder zugenommen. Output: In Brasilien hat die Gewalt während der Corona-Krise weiter zugenommen. ,-1,-1,96855,1,,,,,,1c04eeaecff0f86cdf0f97e30494fc12,,0,27.57166314125061,10.785487174987791,70828,2022-07-17 12:22:50
-1,-1,50,100,75,40:49,1,-1,75,60,90,100,100,-1,-1,60,100,100,-1,100,100,-1,-1,-1,-1,-1,-1,-1,-1,-1,96892,2,,,,,,afa3ae73c84c1729cfe97172dffbbda3,,0,21.647348165512085,4.516844272613525,50504,2022-07-17 14:15:36
-1,-1,90,100,100,1:5,1,-1,100,70,90,100,100,-1,-1,100,100,100,-1,100,100,-1,-1,-1,-1,-1,-1,-1,-1,-1,96897,2,,,,,,f3b064241db7f8a16c2722b0aa534b06,,0,13.871901512145996,3.606311321258545,50504,2022-07-17 14:16:42
-1,-1,50,100,75,1:46,1,-1,100,50,100,100,100,-1,-1,50,100,100,-1,-1,-1,-1,-1,-1,-1,-1,-1,-1,-1,-1,96852,1,,,,,,a2ece91866ca7762dde2d3cd3d97bc0c,,0,21.49366927146912,4.964548826217651,50504,2022-07-17 14:18:33
-1,-1,50,100,50,4:57,1,-1,50,60,70,100,100,-1,-1,50,25,100,-1,100,100,-1,-1,-1,-1,-1,-1,1. &quot;nun hat sie ihre Restaurierung begonnen&quot;  - es klingt&comma; als restauriere sich die Säule selbst2. &quot;nach einem Besuch an einer Baustelle.&quot; Es handelt sich nicht um irgend eine Baustelle&comma; sondern diejenige&comma; die bereits im Text eingeführt wurde&comma; sodass hier ein bestimmter Artikel notwendig gewesen wäre. 3 &quot;in späteren Jahrzehnten nagen&quot; Tempuswechsel... &quot;nagten&quot;,-1,-1,96827,1,,,,,,56424b19865411e5f623e80a2354318a,,0,33.13672399520874,10.271867036819458,50504,2022-07-17 14:23:32
-1,-1,40,100,75,25:32,0,-1,75,60,80,100,100,-1,-1,40,75,100,-1,-1,100,-1,-1,-1,-1,-1,-1,1) &quot;solle nun eine Untersuchung ergeben haben.&quot; Falsches Tempus&comma; da die Untersuchung erst noch stattfinden wird,-1,-1,96886,2,,,,,,24fd1996fc07200e3706d041ea299b76,,0,26.092566967010494,8.744728088378906,50504,2022-07-17 14:49:05
-1,-1,50,100,50,2:50,0,-1,75,60,90,100,100,-1,-1,60,75,100,-1,100,-1,-1,-1,-1,-1,-1,-1,1) &quot;die Polizei wolle mit ihrem Vorbehalten gegen technische Befugnisse für die Sicherheitsbehörden &quot;blind&quot; machen&quot;&comma; nicht die Polizei&comma; sondern die Gründen wollen das laut dem CDU-Politiker machen,-1,-1,96876,2,,,,,,ef8943ae9776f05bac23156d1fb41a4b,,0,33.50529932975769,9.41208267211914,50504,2022-07-17 14:51:57
-1,-1,60,100,50,2:54,0,-1,100,60,80,100,100,-1,-1,100,50,100,-1,100,100,-1,-1,-1,-1,-1,-1,1) durch Satzstellung scheinen sich auch die Alten in den Sozialen Medien zu bewegen und nicht nur die Fotos ( &quot;jung und alt in den sozialen Netzwerken&quot;)2) durch die andere Präposition &quot;vom Wochenende an&quot; statt &quot;am Wochenede&quot;&comma; klingt es&comma; als begänne die Steigerung erst am Wochenende und reiche eventuell bis in die nächste Woche,-1,-1,96832,1,,,,,,70d35a89277579f3bfa1b024ef270375,,0,26.32368803024292,7.801415205001831,50504,2022-07-17 14:54:52
-1,-1,40,100,75,8:43,0,-1,75,60,80,100,100,-1,-1,40,50,100,-1,-1,100,-1,-1,-1,-1,-1,-1,1) 1. Satz Genuswechsel2) &quot;Ihre klare Kritik ist bedeutend&quot; vs. &quot;Die klare Kritik ist groß&quot;,-1,-1,96844,1,,,,,,fe7d0cda2d0e902546a01d2c240e0fba,,0,22.004961252212524,4.4990880489349365,50504,2022-07-17 15:03:37
-1,-1,40,100,25,13:33,0,-1,75,60,70,100,100,-1,-1,90,100,100,-1,100,100,-1,-1,-1,-1,-1,-1,-1,-1,-1,96891,2,,,,,,019f76c6b9622e3176a8cda2fbccf967,,1,18.24168276786804,5.397316932678223,50504,2022-07-17 15:17:14
-1,-1,50,100,75,1:16,0,-1,75,60,90,100,100,-1,-1,100,100,100,-1,100,100,-1,-1,-1,-1,-1,-1,-1,-1,-1,96861,2,,,,,,d7b1eaa1abcd06a5dccbe78838dd1bde,,0,14.200198650360107,4.011988162994385,50504,2022-07-17 15:18:31
-1,-1,40,100,25,8:43,0,-1,75,70,80,100,100,-1,-1,100,100,100,-1,100,100,-1,-1,-1,-1,-1,-1,1)  Der Satz ist so unlogisch&comma; dass ich ihn nicht bei IFF bewerte: &quot;Die Frage wurde von einer DNA-Untersuchung in Auftrag gegeben&comma; die die Würzburger in Auftrag gaben.&quot;,-1,-1,96837,1,,,,,,3ec9e062c20222a1fe62de2eed1efa17,,1,22.95344066619873,5.439530849456787,50504,2022-07-17 15:27:18
-1,-1,60,100,50,0:57,0,-1,75,60,90,100,100,-1,-1,90,100,100,-1,100,100,-1,-1,-1,-1,-1,-1,-1,-1,-1,96864,2,,,,,,6e7708940cd9a7a03e332c4ab73a9d6e,,0,11.7315936088562,2.8363571166992188,50504,2022-07-17 15:28:16
-1,-1,80,100,75,2:17,0,-1,100,60,90,100,100,-1,-1,90,100,100,-1,100,100,-1,-1,-1,-1,-1,-1,-1,-1,-1,96846,1,,,,,,12769f48a3bae9af3932e729a63fdb93,,0,14.106548309326172,3.22158432006836,50504,2022-07-17 15:30:39
-1,-1,70,100,75,9:13,0,-1,100,60,90,100,100,-1,-1,100,75,100,-1,100,100,-1,-1,-1,-1,-1,-1,1) der Konjunktiv ändert den Wahrheitsgehalt: &quot;seien in Horsens gut 120 Kilometer nördlich der deutsch-dänischen Grenze am Freitagmorgen minus 20&comma;7 Grad Celsius gemessen worden&quot;,-1,-1,96856,1,,,,,,0e106b99829d8f8df9fa20d51f4f61c8,,0,18.34634494781494,5.809093236923218,50504,2022-07-17 15:39:56
-1,-1,70,100,75,16:42,0,-1,100,50,90,100,75,-1,-1,70,100,100,-1,100,100,-1,-1,-1,-1,-1,-1,-1,-1,-1,96872,2,,,,,,3e49e47eebfd5ba73456310ebbcd7feb,,0,18.904881954193115,5.124969720840454,50504,2022-07-17 15:56:43
-1,-1,60,100,50,9:5,0,-1,75,60,90,100,100,-1,-1,90,100,100,-1,100,100,-1,-1,-1,-1,-1,-1,-1,-1,-1,96811,1,,,,,,74d3fa6f65213cc57e2c3cf992c15c93,,0,14.000635862350464,3.851920366287232,50504,2022-07-17 16:05:50
-1,-1,60,100,50,1:52,0,-1,75,50,80,100,100,-1,-1,90,75,100,-1,100,-1,-1,-1,-1,-1,-1,-1,1) u.a. Modusfehler&comma; da der Erdrutsch ja bereits stattgefunden hat &quot;Bereits in dieser Woche hatte es im baden-württembergischen Schopfheim nach Regen und Schneeschmelze zu einem Erdrutsch kommen können.&quot;,-1,-1,96906,2,,,,,,783f09bd50305ad09fb70de042ccad65,,0,12.978485345840454,3.5681583881378174,50504,2022-07-17 16:07:43
-1,-1,70,100,50,9:9,0,-1,75,50,90,100,100,-1,-1,100,75,100,-1,100,100,-1,-1,-1,-1,-1,-1,1. falsche Präposition&comma; da es die Stellen selbst und keine beigeordneten Stellen sind: &quot;Die Stellen beim künstlerischen Intendanten der Kulturhauptstadt 2025 und dem Geschäftsführer sollen bis dahin ausgeschrieben und besetzt werden.&quot;,-1,-1,96901,2,,,,,,d1c9a7901106d8f0915fabc4a1e951be,,0,18.452333450317383,6.05945086479187,50504,2022-07-17 16:16:54
-1,-1,30,100,25,2:17,0,-1,75,70,80,100,100,-1,-1,30,75,100,-1,100,100,-1,-1,-1,-1,-1,-1,1) Tempus... komme/gekommen war: &quot;und es zu einer Affekttat komme&quot; Tat liegt ja in der Vergangenheit,-1,-1,96819,1,,,,,,6fa2f1cf1db7d260a20f5d514219922d,,0,18.204023599624637,6.189103603363037,50504,2022-07-17 16:19:12
-1,-1,100,100,100,17:58,0,-1,100,70,100,100,100,-1,-1,100,100,100,-1,100,100,-1,-1,-1,-1,-1,-1,-1,-1,-1,96854,1,,,,,,233f54b56c16ece307e5d1720e68753e,,0,14.979421854019163,3.794835090637207,50504,2022-07-17 16:37:12
-1,-1,60,100,25,4:58,0,-1,100,40,90,100,100,-1,-1,80,100,100,-1,100,100,-1,-1,-1,-1,-1,-1,-1,-1,-1,96903,2,,,,,,453ebaef5ea97a48f75cc7aa2aa812a7,,0,26.93070936203003,10.500567197799684,50504,2022-07-17 16:42:14
-1,-1,70,100,100,1:22,0,-1,100,40,100,100,100,-1,-1,90,100,100,-1,100,100,-1,-1,-1,-1,-1,-1,-1,-1,-1,96868,2,,,,,,01658161158c1d0ff79c111cdff24e29,,0,17.62912344932556,5.125851154327393,50504,2022-07-17 16:43:37
-1,-1,80,100,100,1:34,0,-1,100,40,100,100,100,-1,-1,80,100,100,-1,100,100,-1,-1,-1,-1,-1,-1,-1,-1,-1,96829,1,,,,,,12537b25341ca99485befcf8cb378312,,0,20.73605847358704,5.702805280685425,50504,2022-07-17 16:45:15
-1,-1,100,100,100,2:28,0,-1,100,30,100,100,100,-1,-1,100,100,100,-1,100,100,-1,-1,-1,-1,-1,-1,-1,-1,-1,96851,1,,,,,,e026ec8522ee72f21965c03215e028c7,,0,13.01665425300598,4.376064777374268,50504,2022-07-17 16:47:44
-1,-1,30,100,75,1:17,0,-1,100,40,90,100,100,-1,-1,40,100,100,-1,100,100,-1,-1,-1,-1,-1,-1,-1,-1,-1,96888,2,,,,,,1bcb424fe73002c3316a8cb76e7f3a64,,0,19.07991862297058,4.921849489212036,50504,2022-07-17 16:49:06
-1,-1,60,100,50,1:33,0,-1,75,50,80,100,100,-1,-1,90,100,100,-1,100,100,-1,-1,-1,-1,-1,-1,-1,-1,-1,96809,1,,,,,,104c5becaaa029d2aae20e272df37447,,0,25.5883731842041,9.114015102386476,50504,2022-07-17 16:50:41
-1,-1,100,100,100,11:43,0,-1,100,30,100,100,100,-1,-1,100,100,100,-1,100,100,-1,-1,-1,-1,-1,-1,-1,-1,-1,96899,2,,,,,,115fc1b79697482b3c6fd66c40dbef95,,0,13.45931100845337,4.468333959579468,50504,2022-07-17 17:02:30
-1,-1,60,100,50,1:3,0,-1,100,30,100,100,100,-1,-1,90,100,100,-1,100,100,-1,-1,-1,-1,-1,-1,-1,-1,-1,96814,1,,,,,,5f0fdc0cf321e779fd1440fd8eebcb55,,0,11.341375589370728,3.118447542190552,50504,2022-07-17 17:03:35
-1,-1,40,100,0,17:12,0,-1,75,50,80,100,100,-1,-1,70,50,100,-1,100,100,-1,-1,-1,-1,-1,-1,1) Passiv klingt so&comma; als beauftrage das Jugendamt jemanden&comma; obwohl es selbst das Kind in Obhut nimmt: &quot;Das Jugendamt werde das Kind in Obhut nehmen lassen.&quot;2) Klingt&comma; als gäbe es die Räume nicht mehr&comma; obwol sich das Tempus ja widerspricht innerhalb des Satzes: &quot;In Nürnberg hätten mehrere Einrichtungen&comma; darunter eine städtische&comma; existiert&comma; in denen geschützte Mutter-Kind-Räume bereitstünden&comma; wies die Stadt dazu auf.&quot;,-1,-1,96859,2,,,,,,bfdac21263d50c10b9fe470e9fa5f94e,,0,24.979405879974365,8.592546224594116,50504,2022-07-17 17:55:21
-1,-1,90,100,100,38:28,0,-1,100,30,100,100,100,-1,-1,90,100,100,-1,100,100,-1,-1,-1,-1,-1,-1,-1,-1,-1,96879,2,,,,,,286536b47f369497fc60457757e16008,,0,21.08816647529602,5.565485954284668,50504,2022-07-17 18:33:51
-1,-1,60,100,25,5:11,0,-1,75,50,80,100,75,-1,-1,100,100,100,-1,100,100,-1,-1,-1,-1,-1,-1,-1,-1,-1,96843,1,,,,,,5a8ad936d6c39b53ed1a4cd0f7969477,,0,18.15640664100647,5.288480281829834,50504,2022-07-17 18:39:03
-1,-1,70,100,75,0:39,0,-1,100,30,90,100,100,-1,-1,100,100,100,-1,100,100,-1,-1,-1,-1,-1,-1,-1,-1,-1,96880,2,,,,,,f2264ae64d86cd01e4d77af07d316d93,,0,7.509518623352051,1.9538769721984863,50504,2022-07-17 18:39:44
-1,-1,90,100,75,1:33,0,-1,100,50,90,100,100,-1,-1,70,100,100,-1,100,100,-1,-1,-1,-1,-1,-1,-1,-1,-1,96823,1,,,,,,2d845d72c195c809f4e52734cc9a8b85,,0,28.433311462402344,7.549441814422607,50504,2022-07-17 18:41:27
-1,-1,90,100,100,0:38,0,-1,100,30,100,100,100,-1,-1,100,100,100,-1,100,100,-1,-1,-1,-1,-1,-1,-1,-1,-1,96849,1,,,,,,6f1726c548f1b93fb3a5566daec56b16,,0,14.032985925674438,3.699632406234741,50504,2022-07-17 18:42:09
-1,-1,80,100,100,1:25,0,-1,100,40,90,100,100,-1,-1,70,100,100,-1,100,100,-1,-1,-1,-1,-1,-1,-1,-1,-1,96884,2,,,,,,69782b24b36bb6c942b3aceeba8b1df5,,0,22.913615703582764,8.771364212036133,50504,2022-07-17 18:43:38
-1,-1,60,100,50,0:59,0,-1,75,40,90,100,100,-1,-1,90,100,100,-1,100,100,-1,-1,-1,-1,-1,-1,-1,-1,-1,96855,1,,,,,,1c04eeaecff0f86cdf0f97e30494fc12,,0,27.57166314125061,10.785487174987791,50504,2022-07-17 18:44:42
-1,-1,70,100,50,1:50,0,-1,100,40,90,100,100,-1,-1,60,100,100,-1,100,100,-1,-1,-1,-1,-1,-1,-1,-1,-1,96873,2,,,,,,2d845d72c195c809f4e52734cc9a8b85,,0,28.119949340820312,7.315543413162231,50504,2022-07-17 18:46:42
-1,-1,80,100,100,3:49,1,-1,100,80,100,100,100,-1,-1,100,100,100,-1,100,100,-1,-1,-1,-1,-1,-1,-1,-1,-1,96893,2,,,,,,a59f03c76c7a45a02634cb0d2d8b52ad,,0,13.923423290252686,2.4873592853546143,70828,2022-07-17 18:50:03
-1,-1,70,100,75,5:30,1,-1,100,70,90,100,100,-1,-1,80,75,100,-1,100,100,-1,-1,-1,-1,-1,Ein Wort wurde so ersetzte&comma; dass sich der Sinn verändert hat,Input: Kneipen und andere Gaststätten in Schweden dürfen am späteren Abend aus Corona-Gründen weiterhin keinen Alkohol ausschenken. Output: Aus Corona-Gründen dürfen Kneipen und andere Gaststätten in Schweden am späteren Abend kein Alkohol mehr ausschenken. ,-1,-1,96834,1,,,,,,e5eff369b14aa4bc81bc405ddeba1eb9,,0,23.058088541030884,9.020877361297607,70828,2022-07-17 18:55:34
-1,-1,70,100,75,19:50,1,-1,100,60,90,100,100,-1,-1,100,75,100,-1,100,100,-1,-1,-1,-1,-1,Ein Wort ersetzte&comma; welches den Sinn verändert,Input: Viele Österreicher wiederum arbeiten in den Grenz-Landkreisen Altötting und Berchtesgadener LandOutput: In den Grenz-Landkreisen Altötting und Berchtesgadener Land arbeiten auch viele Österreicher wieder,-1,-1,96890,2,,,,,,a1945d87fde73fc6c799fe6b1d594b40,,0,36.41954755783081,13.584901094436646,70828,2022-07-17 19:15:25
-1,-1,70,100,100,1:53,1,-1,100,70,100,100,100,-1,-1,100,100,100,-1,100,100,-1,-1,-1,-1,-1,-1,-1,-1,-1,96849,1,,,,,,6f1726c548f1b93fb3a5566daec56b16,,0,14.032985925674438,3.699632406234741,70828,2022-07-17 19:17:19
-1,-1,70,100,75,2:4,0,-1,100,70,100,100,100,-1,-1,80,100,100,-1,100,100,-1,-1,-1,-1,-1,-1,-1,-1,-1,96864,2,,,,,,6e7708940cd9a7a03e332c4ab73a9d6e,,0,11.7315936088562,2.8363571166992188,70828,2022-07-17 19:25:07
-1,-1,80,100,100,15:0,0,-1,100,70,100,100,100,-1,-1,90,100,100,-1,100,100,-1,-1,-1,-1,-1,-1,-1,-1,-1,96822,1,,,,,,26b738aaaf98abd3615a685023fa4e92,,0,18.645395040512085,5.017008066177368,70828,2022-07-17 19:40:08
-1,-1,70,100,100,13:6,0,-1,100,70,90,75,100,-1,-1,100,100,100,-1,100,100,-1,-1,-1,-1,-1,-1,-1,-1,-1,96851,1,,,,,,e026ec8522ee72f21965c03215e028c7,,0,13.01665425300598,4.376064777374268,70828,2022-07-17 19:53:16
-1,-1,70,100,75,4:54,0,-1,75,70,100,100,100,-1,-1,100,100,100,-1,100,100,-1,-1,-1,-1,-1,-1,-1,-1,-1,96892,2,,,,,,afa3ae73c84c1729cfe97172dffbbda3,,0,21.647348165512085,4.516844272613525,70828,2022-07-17 19:58:11
-1,-1,50,100,75,4:7,1,-1,100,60,90,100,75,-1,-1,80,100,100,-1,100,100,-1,-1,-1,-1,-1,-1,-1,-1,-1,96882,2,,,,,,294d48bca4ef63b59e36cf67f23d367a,,0,26.484320878982544,7.397318124771118,12802,2022-07-18 06:35:28
-1,-1,50,100,100,12:7,1,-1,100,50,90,100,75,-1,-1,70,100,90,-1,100,100,-1,-1,-1,-1,-1,-1,-1,-1,-1,96878,2,,,,,,37c87f20902b1d06e690648f9a5f43ee,,1,42.73394393920898,9.113282203674316,12802,2022-07-18 06:47:37
-1,-1,50,100,100,11:24,1,-1,100,60,90,100,100,-1,-1,70,100,80,-1,100,100,-1,-1,-1,-1,-1,-1,-1,-1,-1,96823,1,,,,,,2d845d72c195c809f4e52734cc9a8b85,,0,28.433311462402344,7.549441814422607,12802,2022-07-18 06:59:03
-1,-1,60,75,100,10:22,1,-1,75,80,90,100,100,-1,-1,60,100,100,-1,100,100,-1,-1,-1,-1,-1,-1,-1,-1,-1,96865,2,,,,,,a77784beec85a24c2710d01651b8c97d,,0,23.69402027130127,8.393141508102417,12802,2022-07-18 07:09:27
-1,-1,50,100,100,5:31,0,-1,100,50,100,100,100,-1,-1,80,100,100,-1,100,100,-1,-1,-1,-1,-1,-1,-1,-1,-1,96829,1,,,,,,12537b25341ca99485befcf8cb378312,,0,20.73605847358704,5.702805280685425,12802,2022-07-18 07:15:12
-1,-1,70,100,75,4:46,0,-1,100,70,90,100,100,-1,-1,70,75,100,-1,100,-1,-1,-1,-1,-1,-1,&quot;wieder&quot; wurde durch &quot;weiter&quot; ersetzt,In Brasilien hat die Gewalt während der Corona-Krise weiter zugenommen,-1,-1,96855,1,,,,,,1c04eeaecff0f86cdf0f97e30494fc12,,0,27.57166314125061,10.785487174987791,12802,2022-07-18 07:20:03
-1,-1,50,100,50,9:1,0,-1,75,60,90,100,100,-1,-1,50,100,100,-1,100,-1,-1,-1,-1,-1,-1,aus &quot;heute 47 Jahre alter Mann&quot; wurde &quot;heute 47 Jahre älterer Mann&quot; gemacht,heute 47 Jahre älterer Mann ist in Flensburg zu einer lebenslangen Freiheitsstrafe wegen Mordes verurteilt. ,-1,-1,96869,2,,,,,,24385f116fcb8e1e37bcc292337f8a2e,,0,18.038158655166622,6.031929969787598,12802,2022-07-18 07:29:07
-1,-1,70,100,75,12:54,1,-1,100,60,100,100,100,-1,-1,100,100,100,-1,100,100,-1,-1,-1,-1,-1,-1,-1,-1,-1,96841,1,,,,,,560efc5613b0c77385a39f96be013014,,0,33.70461893081665,12.15222454071045,53332,2022-07-18 10:18:07
-1,-1,50,100,50,8:45,1,-1,100,50,80,100,100,-1,-1,100,75,100,-1,100,100,-1,-1,-1,-1,-1,Output klingt&comma; als sei einer der Erdrutsche nicht passiert,&quot;hatte es [...] zu einem Erdrutsch kommen können&quot;,-1,-1,96906,2,,,,,,783f09bd50305ad09fb70de042ccad65,,0,12.978485345840454,3.5681583881378174,53332,2022-07-18 10:26:54
-1,-1,60,100,75,19:13,1,-1,100,60,90,100,100,-1,-1,80,100,100,-1,100,100,-1,-1,-1,-1,-1,-1,-1,-1,-1,96839,1,,,,,,50fb94cabfd07c1287c9b12a85094ae7,,0,18.753828287124637,6.184562921524048,53332,2022-07-18 10:46:16
-1,-1,40,100,50,12:15,1,-1,100,40,80,100,100,-1,-1,90,75,100,-1,100,-1,-1,-1,-1,-1,-1,-1,kaum noch =/= keine,-1,-1,96815,1,,,,,,192a3d6ce80f3492a3ec698b927b8350,,1,24.42311215400696,8.69748854637146,53332,2022-07-18 10:58:32
-1,-1,60,100,75,8:51,0,-1,100,50,90,100,100,-1,-1,100,100,100,-1,100,100,-1,-1,-1,-1,-1,-1,-1,-1,-1,96905,2,,,,,,5de38a6989eb06feaedc0f5fbfbda818,,0,10.71070122718811,1.304701566696167,53332,2022-07-18 11:07:25
-1,-1,40,100,75,14:6,0,-1,100,40,100,100,100,-1,-1,90,100,100,-1,100,100,-1,-1,-1,-1,-1,-1,-1,-1,-1,96904,2,,,,,,951edd151e1c25bcdf50aa14acf82eaa,,0,17.93203902244568,5.3831188678741455,53332,2022-07-18 11:21:43
-1,-1,60,100,75,13:20,0,-1,100,50,90,100,100,-1,-1,90,100,100,-1,100,100,-1,-1,-1,-1,-1,-1,-1,-1,-1,96832,1,,,,,,70d35a89277579f3bfa1b024ef270375,,0,26.32368803024292,7.801415205001831,53332,2022-07-18 11:35:12
-1,-1,70,100,75,24:28,0,-1,100,50,90,100,100,-1,-1,100,100,90,-1,100,100,-1,-1,-1,-1,-1,-1,-1,-1,-1,96889,2,,,,,,2082e7bb8e320aa8c2865a2288a5e504,,0,33.19605898857117,11.586212396621704,53332,2022-07-18 12:34:16
-1,-1,50,100,75,6:53,0,-1,100,40,100,100,100,-1,-1,100,100,100,-1,100,100,-1,-1,-1,-1,-1,-1,-1,-1,-1,96856,1,,,,,,0e106b99829d8f8df9fa20d51f4f61c8,,0,18.34634494781494,5.809093236923218,53332,2022-07-18 12:41:10
-1,-1,60,100,100,4:30,0,-1,100,50,100,100,100,-1,-1,100,100,100,-1,100,100,-1,-1,-1,-1,-1,-1,-1,-1,-1,96882,2,,,,,,294d48bca4ef63b59e36cf67f23d367a,,0,26.484320878982544,7.397318124771118,53332,2022-07-18 12:46:20
-1,-1,60,100,75,12:45,0,-1,100,60,90,100,100,-1,-1,100,100,100,-1,100,-1,-1,-1,-1,-1,-1,-1,-1,-1,-1,96826,1,,,,,,bbb6b7246cf3aa4c38837485f3d04fa2,,0,33.12645936012268,9.49628520011902,53332,2022-07-18 12:59:09
-1,-1,60,100,75,4:59,0,-1,100,50,90,100,100,-1,-1,90,100,100,-1,100,100,-1,-1,-1,-1,-1,-1,-1,-1,-1,96897,2,,,,,,f3b064241db7f8a16c2722b0aa534b06,,0,13.871901512145996,3.606311321258545,53332,2022-07-18 13:04:13
-1,-1,60,100,100,3:33,0,-1,100,50,100,100,100,-1,-1,100,100,100,-1,100,100,-1,-1,-1,-1,-1,-1,-1,-1,-1,96845,1,,,,,,8272efdf8b857a849949aba15114792a,,0,14.032310247421265,2.5487923622131348,53332,2022-07-18 13:08:01
-1,-1,70,100,100,12:32,0,-1,100,60,100,100,100,-1,-1,100,100,100,-1,100,100,-1,-1,-1,-1,-1,-1,-1,-1,-1,96851,1,,,,,,e026ec8522ee72f21965c03215e028c7,,0,13.01665425300598,4.376064777374268,53332,2022-07-18 13:20:35
-1,-1,50,100,100,3:52,1,-1,100,60,100,100,100,-1,-1,90,100,90,-1,100,100,-1,-1,-1,-1,-1,-1,-1,-1,-1,96822,1,,,,,,26b738aaaf98abd3615a685023fa4e92,,0,18.645395040512085,5.017008066177368,12802,2022-07-19 06:37:29
-1,-1,50,100,100,4:1,1,-1,75,60,90,100,100,-1,-1,80,100,100,-1,100,-1,-1,-1,-1,-1,-1,-1,-1,-1,-1,96904,2,,,,,,951edd151e1c25bcdf50aa14acf82eaa,,0,17.93203902244568,5.3831188678741455,12802,2022-07-19 06:41:31
-1,-1,60,100,100,12:58,1,-1,100,70,80,100,100,-1,-1,90,75,100,-1,100,100,-1,-1,-1,-1,-1,Die Frage wurde durch eine DNA-Untersuchung geklärt und nicht in Auftrag gegben,Die Frage wurde von einer DNA-Untersuchung in Auftrag gegeben&comma; die die Würzburger in Auftrag gaben,-1,-1,96837,1,,,,,,3ec9e062c20222a1fe62de2eed1efa17,,1,22.95344066619873,5.439530849456787,12802,2022-07-19 06:54:32
-1,-1,50,100,75,8:41,1,-1,100,60,70,100,100,-1,-1,80,100,80,-1,100,100,-1,-1,-1,-1,-1,-1,-1,-1,-1,96873,2,,,,,,2d845d72c195c809f4e52734cc9a8b85,,0,28.119949340820312,7.315543413162231,12802,2022-07-19 07:03:15
-1,-1,50,100,75,13:42,0,-1,75,60,80,100,100,-1,-1,50,75,70,-1,100,100,-1,-1,-1,-1,-1,Die Ergänzung des Wortes &quot;zusammen&quot; führt zu einer anderen Bedeutung der Aussage,Als eine der wenigen prominenten Mitglieder der Republikanischen Partei bricht die frühere amerikanische UN-Botschafterin Nikki Haley öffentlich mit Ex-Präsident Donald Trump zusammen. ,-1,-1,96844,1,,,,,,fe7d0cda2d0e902546a01d2c240e0fba,,0,22.004961252212524,4.4990880489349365,12802,2022-07-19 07:17:09
-1,-1,50,100,75,6:51,0,-1,100,60,90,100,100,-1,-1,100,100,100,-1,100,100,-1,-1,-1,-1,-1,-1,-1,-1,-1,96894,2,,,,,,394bf64e7e5bce5e4f1d5acd55d11bd0,,0,13.916754007339478,3.1394121646881104,12802,2022-07-19 07:24:02
-1,-1,60,100,100,6:50,0,-1,100,70,100,100,100,-1,-1,80,100,100,-1,100,100,-1,-1,-1,-1,-1,-1,-1,-1,-1,96901,2,,,,,,d1c9a7901106d8f0915fabc4a1e951be,,0,18.452333450317383,6.05945086479187,12802,2022-07-19 07:30:58
-1,-1,70,100,75,14:15,1,-1,100,60,100,100,100,-1,-1,90,100,100,-1,100,100,-1,-1,-1,-1,-1,-1,-1,-1,-1,96863,2,,,,,,6520a7b582c8d860b0ba377ebcbfc929,,0,31.82977414131165,7.670071840286255,53332,2022-07-19 11:03:58
-1,-1,70,100,75,12:32,1,-1,100,60,90,100,100,-1,-1,90,100,100,-1,100,100,-1,-1,-1,-1,-1,-1,-1,-1,-1,96898,2,,,,,,a9471feb3ad559b2b1673fc8c8bf42a3,,0,37.53590178489685,13.299694061279297,53332,2022-07-19 11:16:32
-1,-1,70,100,75,8:42,1,-1,100,60,100,100,100,-1,-1,90,100,100,-1,100,100,-1,-1,-1,-1,-1,-1,-1,-1,-1,96850,1,,,,,,70ac8e7b69b03e094515c0d21a7160ff,,0,38.288604736328125,13.950064420700071,53332,2022-07-19 11:25:15
-1,-1,70,100,100,7:28,1,-1,100,50,100,100,100,-1,-1,100,100,100,-1,100,100,-1,-1,-1,-1,-1,-1,-1,-1,-1,96872,2,,,,,,3e49e47eebfd5ba73456310ebbcd7feb,,0,18.904881954193115,5.124969720840454,53332,2022-07-19 11:32:44
-1,-1,80,100,100,4:43,0,-1,100,70,100,100,100,-1,-1,100,100,100,-1,100,100,-1,-1,-1,-1,-1,-1,-1,-1,-1,96843,1,,,,,,5a8ad936d6c39b53ed1a4cd0f7969477,,0,18.15640664100647,5.288480281829834,53332,2022-07-19 11:37:28
-1,-1,60,100,75,11:28,0,-1,100,60,90,100,100,-1,-1,90,100,100,-1,100,-1,-1,-1,-1,-1,-1,-1,-1,-1,-1,96854,1,,,,,,233f54b56c16ece307e5d1720e68753e,,0,14.979421854019163,3.794835090637207,53332,2022-07-19 11:48:58
-1,-1,60,100,75,5:7,0,-1,100,50,100,100,100,-1,-1,100,100,100,-1,100,100,-1,-1,-1,-1,-1,-1,-1,-1,-1,96902,2,,,,,,c6928ba56ac35231e180ccec157409a4,,0,14.5714852809906,3.707555770874024,53332,2022-07-19 11:54:06
-1,-1,40,100,50,11:8,0,-1,100,60,80,100,100,-1,-1,70,100,100,-1,100,-1,-1,-1,-1,-1,-1,-1,-1,-1,-1,96819,1,,,,,,6fa2f1cf1db7d260a20f5d514219922d,,0,18.204023599624637,6.189103603363037,53332,2022-07-19 12:05:15
-1,-1,60,100,75,10:58,0,-1,100,60,90,100,100,-1,-1,100,75,100,-1,100,100,-1,-1,-1,-1,-1,Sinnverändernd formuliert,auffordern =/= sichern,-1,-1,96891,2,,,,,,019f76c6b9622e3176a8cda2fbccf967,,1,18.24168276786804,5.397316932678223,53332,2022-07-19 12:16:14
-1,-1,70,100,100,12:25,0,-1,100,60,100,100,100,-1,-1,90,100,100,-1,100,100,-1,-1,-1,-1,-1,-1,-1,-1,-1,96840,1,,,,,,e9f05bbb919bb7ca92ff91e0290b6ee2,,0,19.11717963218689,5.057529211044312,53332,2022-07-19 12:28:40
-1,-1,70,100,100,6:31,0,-1,100,60,100,100,100,-1,-1,100,100,100,-1,100,100,-1,-1,-1,-1,-1,-1,-1,-1,-1,96885,2,,,,,,3ec9e062c20222a1fe62de2eed1efa17,,1,22.76153254508972,5.282996892929077,53332,2022-07-19 12:35:13
-1,-1,50,100,75,10:17,0,-1,100,50,90,100,100,-1,-1,90,75,100,-1,100,100,-1,-1,-1,-1,-1,-1,keine =/= kaum noch,-1,-1,96865,2,,,,,,a77784beec85a24c2710d01651b8c97d,,0,23.69402027130127,8.393141508102417,53332,2022-07-19 12:45:32
-1,-1,70,100,100,8:41,0,-1,100,60,100,100,100,-1,-1,100,100,100,-1,100,100,-1,-1,-1,-1,-1,-1,-1,-1,-1,96846,1,,,,,,12769f48a3bae9af3932e729a63fdb93,,0,14.106548309326172,3.22158432006836,53332,2022-07-19 13:52:15
-1,-1,80,100,75,17:4,0,-1,100,60,100,100,100,-1,-1,90,100,100,-1,100,100,-1,-1,-1,-1,-1,-1,-1,-1,-1,96871,2,,,,,,a649451c5a1df9eba20070f71eadd501,,0,30.77267169952393,8.072403192520142,53332,2022-07-19 14:09:20
-1,-1,60,100,75,4:32,0,-1,100,50,100,100,-1,-1,-1,90,100,100,-1,100,100,-1,-1,-1,-1,-1,-1,-1,-1,-1,96814,1,,,,,,5f0fdc0cf321e779fd1440fd8eebcb55,,0,11.341375589370728,3.118447542190552,53332,2022-07-19 14:13:54
-1,-1,70,100,75,9:58,0,-1,100,50,100,100,100,-1,-1,100,100,100,-1,100,100,-1,-1,-1,-1,-1,-1,-1,-1,-1,96853,1,,,,,,5219c7306927d7bb13ca3b03ff8412d2,,0,19.079150199890137,6.361278533935547,53332,2022-07-19 14:23:53
-1,-1,60,100,75,18:28,0,-1,100,60,90,100,75,-1,-1,90,100,90,-1,100,100,-1,-1,-1,-1,-1,-1,-1,-1,-1,96857,2,,,,,,1ced5216d49f4ad5c97e3143d6e9a302,,0,54.33951926231384,16.639615774154663,53332,2022-07-19 14:42:23
